{"cameraMode":{"drawMode":0,"name":"Shaded","section":"Shading Mode"},"sceneLighting":true,"audioPlay":false,"sceneViewState":{"showFog":true,"showMaterialUpdate":true,"showSkybox":true,"showFlares":true,"showImageEffects":true,"showParticleSystems":true},"in2DMode":false,"pivot":{"x":601.0167846679688,"y":1248.4324951171875,"z":-1.2330646514892579},"rotation":{"x":-0.0008391522569581866,"y":-0.9600780010223389,"z":0.279716432094574,"w":-0.002880243817344308},"size":9.825867652893067,"orthographic":false}